resolution,people,tries,time
12x16,10,2,1.706582
12x16,11,2,1.887264
12x16,12,2,2.099574
12x16,13,2,2.266606
12x16,14,2,2.436374
12x16,15,2,2.652966
12x16,16,2,2.82738
12x16,17,2,3.028452
12x16,18,2,3.239075
12x16,19,2,3.3967
12x16,2,2,0.377652
12x16,20,2,3.553046
12x16,21,2,3.775962
12x16,22,2,4.010834
12x16,23,2,4.246266
12x16,24,2,4.404631
12x16,25,2,4.650162
12x16,26,2,4.860401
12x16,27,2,5.051046
12x16,28,2,5.3025
12x16,29,2,5.454759
12x16,3,2,0.548427
12x16,30,2,5.705009
12x16,31,2,5.924614
12x16,32,2,6.239571
12x16,33,2,6.335279
12x16,34,2,6.593336
12x16,35,2,6.901098
12x16,36,2,7.047056
12x16,37,2,7.322048
12x16,38,2,7.590361
12x16,39,2,7.845803
12x16,4,2,0.680769
12x16,40,2,8.076417
12x16,5,2,0.852241
12x16,6,2,1.015407
12x16,7,2,1.201665
12x16,8,2,1.364126
12x16,9,2,1.55947
15x20,10,2,2.142451
15x20,11,2,2.409533
15x20,12,2,2.613828
15x20,13,2,2.867662
15x20,14,2,3.080229
15x20,15,2,3.346993
15x20,16,2,3.65119
15x20,17,2,3.895616
15x20,18,2,4.150585
15x20,19,2,4.464131
15x20,2,2,0.475124
15x20,20,2,4.719017
15x20,21,2,5.064244
15x20,22,2,5.338267
15x20,23,2,5.656917
15x20,24,2,6.017095
15x20,25,2,6.279525
15x20,26,2,6.599592
15x20,27,2,6.894367
15x20,28,2,7.28854
15x20,29,2,7.708645
15x20,3,2,0.662832
15x20,30,2,7.99912
15x20,31,2,8.643436
15x20,32,2,8.83967
15x20,33,2,9.158422
15x20,34,2,10.007767
15x20,35,2,10.027942
15x20,36,2,10.73087
15x20,37,2,10.799373
15x20,38,2,10.936795
15x20,39,2,11.396846
15x20,4,2,0.844647
15x20,40,2,11.708528
15x20,5,2,1.051641
15x20,6,2,1.25484
15x20,7,2,1.475896
15x20,8,2,1.666919
15x20,9,2,1.916147
18x24,10,2,2.849008
18x24,11,2,3.210186
18x24,12,2,3.596304
18x24,13,2,3.952443
18x24,14,2,4.311545
18x24,15,2,4.70712
18x24,16,2,5.096938
18x24,17,2,5.50975
18x24,18,2,5.93749
18x24,19,2,6.397382
18x24,2,2,0.635598
18x24,20,2,6.782185
18x24,21,2,7.404608
18x24,22,2,7.889646
18x24,23,2,8.31408
18x24,24,2,8.83258
18x24,25,2,9.242662
18x24,26,2,9.819576
18x24,27,2,10.356434
18x24,28,2,10.881659
18x24,29,2,11.717967
18x24,3,2,0.858789
18x24,30,2,11.923682
18x24,31,2,12.563644
18x24,32,2,13.21727
18x24,33,2,13.659735
18x24,34,2,14.259649
18x24,35,2,14.888142
18x24,36,2,15.665842
18x24,37,2,16.267442
18x24,38,2,17.051089
18x24,39,2,17.52624
18x24,4,2,1.127368
18x24,40,2,18.250217
18x24,5,2,1.383013
18x24,6,2,1.648428
18x24,7,2,1.917627
18x24,8,2,2.235037
18x24,9,2,2.548141
21x28,10,2,4.039908
21x28,11,2,4.710363
21x28,12,2,5.235203
21x28,13,2,5.80677
21x28,14,2,6.33534
21x28,15,2,6.949769
21x28,16,2,7.546877
21x28,17,2,8.225523
21x28,18,2,8.894944
21x28,19,2,9.585004
21x28,2,2,0.902271
21x28,20,2,10.392787
21x28,21,2,11.037552
21x28,22,2,11.904169
21x28,23,2,12.62358
21x28,24,2,13.358966
21x28,25,2,14.227566
21x28,26,2,15.129452
21x28,27,2,15.92075
21x28,28,2,16.814516
21x28,29,2,17.788411
21x28,3,2,1.219154
21x28,30,2,18.599456
21x28,31,2,19.716375
21x28,32,2,20.481934
21x28,33,2,21.84532
21x28,34,2,22.766211
21x28,35,2,23.852608
21x28,36,2,24.93309
21x28,37,2,25.73481
21x28,38,2,26.951355
21x28,39,2,28.158724
21x28,4,2,1.570959
21x28,40,2,29.440412
21x28,5,2,1.929225
21x28,6,2,2.313453
21x28,7,2,2.702919
21x28,8,2,3.129072
21x28,9,2,3.554669
24x32,10,2,5.90923
24x32,11,2,6.795146
24x32,12,2,7.690153
24x32,13,2,8.424489
24x32,14,2,9.389768
24x32,15,2,10.230771
24x32,16,2,11.291324
24x32,17,2,12.183337
24x32,18,2,13.24965
24x32,19,2,14.235058
24x32,2,2,1.323827
24x32,20,2,15.479032
24x32,21,2,16.947112
24x32,22,2,18.261881
24x32,23,2,19.214563
24x32,24,2,20.678603
24x32,25,2,21.866881
24x32,3,2,1.797703
24x32,4,2,2.271678
24x32,5,2,2.7675
24x32,6,2,3.351864
24x32,7,2,3.91921
24x32,8,2,4.576876
24x32,9,2,5.204553
27x36,10,2,8.768184
27x36,11,2,10.061224
27x36,12,2,11.330253
27x36,13,2,12.626041
27x36,14,2,13.953393
27x36,15,2,15.250007
27x36,16,2,16.795649
27x36,17,2,18.286789
27x36,18,2,19.95309
27x36,19,2,21.566368
27x36,2,2,1.962121
27x36,20,2,23.21852
27x36,21,2,25.240801
27x36,22,2,26.923841
27x36,23,2,28.60272
27x36,24,2,30.380896
27x36,25,2,32.269954
27x36,3,2,2.616759
27x36,4,2,3.311495
27x36,5,2,4.039564
27x36,6,2,4.882865
27x36,7,2,5.75095
27x36,8,2,6.630108
27x36,9,2,7.633468
30x40,10,2,12.341918
30x40,11,2,14.623782
30x40,12,2,16.462301
30x40,13,2,18.172152
30x40,14,2,20.214807
30x40,15,2,22.223924
30x40,16,2,24.240156
30x40,17,2,26.594495
30x40,18,2,28.940111
30x40,19,2,31.367918
30x40,2,2,2.867302
30x40,20,2,33.783466
30x40,21,2,36.050111
30x40,22,2,38.909844
30x40,23,2,41.7223
30x40,24,2,44.49151
30x40,25,2,47.367313
30x40,3,2,3.741732
30x40,4,2,4.700288
30x40,5,2,5.676897
30x40,6,2,6.897702
30x40,7,2,8.144373
30x40,8,2,9.495202
30x40,9,2,10.813363
33x44,10,2,18.289374
33x44,2,2,4.15908
33x44,3,2,5.616279
33x44,4,2,7.00376
33x44,5,2,8.704685
33x44,6,2,10.442747
33x44,7,2,12.222544
33x44,8,2,14.240593
33x44,9,2,16.221854
36x48,10,2,25.352097
36x48,2,2,5.74379
36x48,3,2,7.609584
36x48,4,2,9.669424
36x48,5,2,11.935761
36x48,6,2,14.242726
36x48,7,2,16.875691
36x48,8,2,19.799273
36x48,9,2,22.702298
39x52,10,2,34.502052
39x52,2,2,7.811799
39x52,3,2,10.340412
39x52,4,2,13.057397
39x52,5,2,16.26084
39x52,6,2,19.467098
39x52,7,2,22.992606
39x52,8,2,26.682394
39x52,9,2,30.912657
3x4,10,2,1.426574
3x4,11,2,1.748923
3x4,12,2,1.852719
3x4,13,2,1.935334
3x4,14,2,2.183406
3x4,15,2,2.234144
3x4,16,2,2.361884
3x4,17,2,2.466558
3x4,18,2,2.607931
3x4,19,2,2.788872
3x4,2,2,0.325934
3x4,20,2,2.818939
3x4,21,2,3.030927
3x4,22,2,3.192531
3x4,23,2,3.265653
3x4,24,2,3.456641
3x4,25,2,3.542611
3x4,26,2,3.630139
3x4,27,2,3.816113
3x4,28,2,3.895028
3x4,29,2,4.065791
3x4,3,2,0.441593
3x4,30,2,4.196255
3x4,31,2,4.369464
3x4,32,2,4.518827
3x4,33,2,4.685709
3x4,34,2,4.849239
3x4,35,2,4.92755
3x4,36,2,5.069523
3x4,37,2,5.13583
3x4,38,2,5.30245
3x4,39,2,5.3854
3x4,4,2,0.629372
3x4,40,2,5.616712
3x4,5,2,0.736932
3x4,6,2,0.903813
3x4,7,2,1.010053
3x4,8,2,1.150382
3x4,9,2,1.407523
42x56,10,2,46.440759
42x56,2,2,10.704795
42x56,3,2,14.083405
42x56,4,2,17.910343
42x56,5,2,22.046192
42x56,6,2,26.260515
42x56,7,2,31.023515
42x56,8,2,36.403725
42x56,9,2,41.910034
45x60,10,2,61.009989
45x60,2,2,17.793619
45x60,3,2,18.690043
45x60,4,2,23.531314
45x60,5,2,28.980737
45x60,6,2,34.792649
45x60,7,2,41.314458
45x60,8,2,48.001681
45x60,9,2,55.14078
6x8,10,2,1.4534
6x8,11,2,1.579849
6x8,12,2,1.737696
6x8,13,2,1.857913
6x8,14,2,1.971852
6x8,15,2,2.141599
6x8,16,2,2.255968
6x8,17,2,2.415521
6x8,18,2,2.545015
6x8,19,2,2.674592
6x8,2,2,0.306249
6x8,20,2,2.773555
6x8,21,2,2.967896
6x8,22,2,3.077226
6x8,23,2,3.247859
6x8,24,2,3.37594
6x8,25,2,3.521992
6x8,26,2,3.662843
6x8,27,2,3.879916
6x8,28,2,3.995369
6x8,29,2,4.095572
6x8,3,2,0.445411
6x8,30,2,4.27334
6x8,31,2,4.31922
6x8,32,2,4.530349
6x8,33,2,4.698114
6x8,34,2,4.802455
6x8,35,2,4.961402
6x8,36,2,5.090966
6x8,37,2,5.295055
6x8,38,2,5.452733
6x8,39,2,5.496643
6x8,4,2,0.612246
6x8,40,2,5.721499
6x8,5,2,0.74708
6x8,6,2,0.873597
6x8,7,2,1.020146
6x8,8,2,1.191268
6x8,9,2,1.339754
9x12,10,2,1.514594
9x12,11,2,1.610671
9x12,12,2,1.855431
9x12,13,2,1.925251
9x12,14,2,2.108789
9x12,15,2,2.282907
9x12,16,2,2.426887
9x12,17,2,2.562361
9x12,18,2,2.705811
9x12,19,2,2.855723
9x12,2,2,0.321678
9x12,20,2,3.059082
9x12,21,2,3.138376
9x12,22,2,3.368845
9x12,23,2,3.479518
9x12,24,2,3.643286
9x12,25,2,3.823879
9x12,26,2,3.969764
9x12,27,2,4.146265
9x12,28,2,4.340897
9x12,29,2,4.505014
9x12,3,2,0.465638
9x12,30,2,4.657832
9x12,31,2,4.816814
9x12,32,2,4.987173
9x12,33,2,5.201644
9x12,34,2,5.431084
9x12,35,2,5.511568
9x12,36,2,5.662678
9x12,37,2,5.972069
9x12,38,2,6.127002
9x12,39,2,6.206019
9x12,4,2,0.633764
9x12,40,2,6.381047
9x12,5,2,0.765742
9x12,6,2,0.919698
9x12,7,2,1.137617
9x12,8,2,1.216496
9x12,9,2,1.362859
